--
-- PostgreSQL database dump
--

-- Dumped from database version 16.1
-- Dumped by pg_dump version 16.1

SET statement_timeout = 0;
SET lock_timeout = 0;
SET idle_in_transaction_session_timeout = 0;
SET client_encoding = 'UTF8';
SET standard_conforming_strings = on;
SELECT pg_catalog.set_config('search_path', '', false);
SET check_function_bodies = false;
SET xmloption = content;
SET client_min_messages = warning;
SET row_security = off;

SET default_tablespace = '';

SET default_table_access_method = heap;

--
-- Name: auth_group; Type: TABLE; Schema: public; Owner: postgres
--

CREATE TABLE public.auth_group (
    id integer NOT NULL,
    name character varying(150) NOT NULL
);


ALTER TABLE public.auth_group OWNER TO postgres;

--
-- Name: auth_group_id_seq; Type: SEQUENCE; Schema: public; Owner: postgres
--

ALTER TABLE public.auth_group ALTER COLUMN id ADD GENERATED BY DEFAULT AS IDENTITY (
    SEQUENCE NAME public.auth_group_id_seq
    START WITH 1
    INCREMENT BY 1
    NO MINVALUE
    NO MAXVALUE
    CACHE 1
);


--
-- Name: auth_group_permissions; Type: TABLE; Schema: public; Owner: postgres
--

CREATE TABLE public.auth_group_permissions (
    id bigint NOT NULL,
    group_id integer NOT NULL,
    permission_id integer NOT NULL
);


ALTER TABLE public.auth_group_permissions OWNER TO postgres;

--
-- Name: auth_group_permissions_id_seq; Type: SEQUENCE; Schema: public; Owner: postgres
--

ALTER TABLE public.auth_group_permissions ALTER COLUMN id ADD GENERATED BY DEFAULT AS IDENTITY (
    SEQUENCE NAME public.auth_group_permissions_id_seq
    START WITH 1
    INCREMENT BY 1
    NO MINVALUE
    NO MAXVALUE
    CACHE 1
);


--
-- Name: auth_permission; Type: TABLE; Schema: public; Owner: postgres
--

CREATE TABLE public.auth_permission (
    id integer NOT NULL,
    name character varying(255) NOT NULL,
    content_type_id integer NOT NULL,
    codename character varying(100) NOT NULL
);


ALTER TABLE public.auth_permission OWNER TO postgres;

--
-- Name: auth_permission_id_seq; Type: SEQUENCE; Schema: public; Owner: postgres
--

ALTER TABLE public.auth_permission ALTER COLUMN id ADD GENERATED BY DEFAULT AS IDENTITY (
    SEQUENCE NAME public.auth_permission_id_seq
    START WITH 1
    INCREMENT BY 1
    NO MINVALUE
    NO MAXVALUE
    CACHE 1
);


--
-- Name: auth_user; Type: TABLE; Schema: public; Owner: postgres
--

CREATE TABLE public.auth_user (
    id integer NOT NULL,
    password character varying(128) NOT NULL,
    last_login timestamp with time zone,
    is_superuser boolean NOT NULL,
    username character varying(150) NOT NULL,
    first_name character varying(150) NOT NULL,
    last_name character varying(150) NOT NULL,
    email character varying(254) NOT NULL,
    is_staff boolean NOT NULL,
    is_active boolean NOT NULL,
    date_joined timestamp with time zone NOT NULL
);


ALTER TABLE public.auth_user OWNER TO postgres;

--
-- Name: auth_user_groups; Type: TABLE; Schema: public; Owner: postgres
--

CREATE TABLE public.auth_user_groups (
    id bigint NOT NULL,
    user_id integer NOT NULL,
    group_id integer NOT NULL
);


ALTER TABLE public.auth_user_groups OWNER TO postgres;

--
-- Name: auth_user_groups_id_seq; Type: SEQUENCE; Schema: public; Owner: postgres
--

ALTER TABLE public.auth_user_groups ALTER COLUMN id ADD GENERATED BY DEFAULT AS IDENTITY (
    SEQUENCE NAME public.auth_user_groups_id_seq
    START WITH 1
    INCREMENT BY 1
    NO MINVALUE
    NO MAXVALUE
    CACHE 1
);


--
-- Name: auth_user_id_seq; Type: SEQUENCE; Schema: public; Owner: postgres
--

ALTER TABLE public.auth_user ALTER COLUMN id ADD GENERATED BY DEFAULT AS IDENTITY (
    SEQUENCE NAME public.auth_user_id_seq
    START WITH 1
    INCREMENT BY 1
    NO MINVALUE
    NO MAXVALUE
    CACHE 1
);


--
-- Name: auth_user_user_permissions; Type: TABLE; Schema: public; Owner: postgres
--

CREATE TABLE public.auth_user_user_permissions (
    id bigint NOT NULL,
    user_id integer NOT NULL,
    permission_id integer NOT NULL
);


ALTER TABLE public.auth_user_user_permissions OWNER TO postgres;

--
-- Name: auth_user_user_permissions_id_seq; Type: SEQUENCE; Schema: public; Owner: postgres
--

ALTER TABLE public.auth_user_user_permissions ALTER COLUMN id ADD GENERATED BY DEFAULT AS IDENTITY (
    SEQUENCE NAME public.auth_user_user_permissions_id_seq
    START WITH 1
    INCREMENT BY 1
    NO MINVALUE
    NO MAXVALUE
    CACHE 1
);


--
-- Name: django_admin_log; Type: TABLE; Schema: public; Owner: postgres
--

CREATE TABLE public.django_admin_log (
    id integer NOT NULL,
    action_time timestamp with time zone NOT NULL,
    object_id text,
    object_repr character varying(200) NOT NULL,
    action_flag smallint NOT NULL,
    change_message text NOT NULL,
    content_type_id integer,
    user_id integer NOT NULL,
    CONSTRAINT django_admin_log_action_flag_check CHECK ((action_flag >= 0))
);


ALTER TABLE public.django_admin_log OWNER TO postgres;

--
-- Name: django_admin_log_id_seq; Type: SEQUENCE; Schema: public; Owner: postgres
--

ALTER TABLE public.django_admin_log ALTER COLUMN id ADD GENERATED BY DEFAULT AS IDENTITY (
    SEQUENCE NAME public.django_admin_log_id_seq
    START WITH 1
    INCREMENT BY 1
    NO MINVALUE
    NO MAXVALUE
    CACHE 1
);


--
-- Name: django_content_type; Type: TABLE; Schema: public; Owner: postgres
--

CREATE TABLE public.django_content_type (
    id integer NOT NULL,
    app_label character varying(100) NOT NULL,
    model character varying(100) NOT NULL
);


ALTER TABLE public.django_content_type OWNER TO postgres;

--
-- Name: django_content_type_id_seq; Type: SEQUENCE; Schema: public; Owner: postgres
--

ALTER TABLE public.django_content_type ALTER COLUMN id ADD GENERATED BY DEFAULT AS IDENTITY (
    SEQUENCE NAME public.django_content_type_id_seq
    START WITH 1
    INCREMENT BY 1
    NO MINVALUE
    NO MAXVALUE
    CACHE 1
);


--
-- Name: django_migrations; Type: TABLE; Schema: public; Owner: postgres
--

CREATE TABLE public.django_migrations (
    id bigint NOT NULL,
    app character varying(255) NOT NULL,
    name character varying(255) NOT NULL,
    applied timestamp with time zone NOT NULL
);


ALTER TABLE public.django_migrations OWNER TO postgres;

--
-- Name: django_migrations_id_seq; Type: SEQUENCE; Schema: public; Owner: postgres
--

ALTER TABLE public.django_migrations ALTER COLUMN id ADD GENERATED BY DEFAULT AS IDENTITY (
    SEQUENCE NAME public.django_migrations_id_seq
    START WITH 1
    INCREMENT BY 1
    NO MINVALUE
    NO MAXVALUE
    CACHE 1
);


--
-- Name: django_session; Type: TABLE; Schema: public; Owner: postgres
--

CREATE TABLE public.django_session (
    session_key character varying(40) NOT NULL,
    session_data text NOT NULL,
    expire_date timestamp with time zone NOT NULL
);


ALTER TABLE public.django_session OWNER TO postgres;

--
-- Name: recipe_category; Type: TABLE; Schema: public; Owner: postgres
--

CREATE TABLE public.recipe_category (
    id bigint NOT NULL,
    name character varying(100) NOT NULL
);


ALTER TABLE public.recipe_category OWNER TO postgres;

--
-- Name: recipe_category_id_seq; Type: SEQUENCE; Schema: public; Owner: postgres
--

ALTER TABLE public.recipe_category ALTER COLUMN id ADD GENERATED BY DEFAULT AS IDENTITY (
    SEQUENCE NAME public.recipe_category_id_seq
    START WITH 1
    INCREMENT BY 1
    NO MINVALUE
    NO MAXVALUE
    CACHE 1
);


--
-- Name: recipe_dietgoal; Type: TABLE; Schema: public; Owner: postgres
--

CREATE TABLE public.recipe_dietgoal (
    id bigint NOT NULL,
    name character varying(100) NOT NULL
);


ALTER TABLE public.recipe_dietgoal OWNER TO postgres;

--
-- Name: recipe_dietgoal_id_seq; Type: SEQUENCE; Schema: public; Owner: postgres
--

ALTER TABLE public.recipe_dietgoal ALTER COLUMN id ADD GENERATED BY DEFAULT AS IDENTITY (
    SEQUENCE NAME public.recipe_dietgoal_id_seq
    START WITH 1
    INCREMENT BY 1
    NO MINVALUE
    NO MAXVALUE
    CACHE 1
);


--
-- Name: recipe_foodallergen; Type: TABLE; Schema: public; Owner: postgres
--

CREATE TABLE public.recipe_foodallergen (
    id bigint NOT NULL,
    name character varying(100) NOT NULL
);


ALTER TABLE public.recipe_foodallergen OWNER TO postgres;

--
-- Name: recipe_foodallergen_id_seq; Type: SEQUENCE; Schema: public; Owner: postgres
--

ALTER TABLE public.recipe_foodallergen ALTER COLUMN id ADD GENERATED BY DEFAULT AS IDENTITY (
    SEQUENCE NAME public.recipe_foodallergen_id_seq
    START WITH 1
    INCREMENT BY 1
    NO MINVALUE
    NO MAXVALUE
    CACHE 1
);


--
-- Name: recipe_recipe; Type: TABLE; Schema: public; Owner: postgres
--

CREATE TABLE public.recipe_recipe (
    id bigint NOT NULL,
    title character varying(255) NOT NULL,
    description text NOT NULL,
    ingredients jsonb NOT NULL,
    instructions jsonb NOT NULL,
    videos character varying(200),
    nutrition_facts jsonb,
    preparation_time integer,
    cooking_time integer,
    created_at timestamp with time zone NOT NULL,
    creator_id integer NOT NULL,
    avg_rating double precision NOT NULL,
    images character varying(100),
    CONSTRAINT recipe_recipe_cooking_time_check CHECK ((cooking_time >= 0)),
    CONSTRAINT recipe_recipe_preparation_time_check CHECK ((preparation_time >= 0))
);


ALTER TABLE public.recipe_recipe OWNER TO postgres;

--
-- Name: recipe_recipe_category; Type: TABLE; Schema: public; Owner: postgres
--

CREATE TABLE public.recipe_recipe_category (
    id bigint NOT NULL,
    recipe_id bigint NOT NULL,
    category_id bigint NOT NULL
);


ALTER TABLE public.recipe_recipe_category OWNER TO postgres;

--
-- Name: recipe_recipe_category_id_seq; Type: SEQUENCE; Schema: public; Owner: postgres
--

ALTER TABLE public.recipe_recipe_category ALTER COLUMN id ADD GENERATED BY DEFAULT AS IDENTITY (
    SEQUENCE NAME public.recipe_recipe_category_id_seq
    START WITH 1
    INCREMENT BY 1
    NO MINVALUE
    NO MAXVALUE
    CACHE 1
);


--
-- Name: recipe_recipe_id_seq; Type: SEQUENCE; Schema: public; Owner: postgres
--

ALTER TABLE public.recipe_recipe ALTER COLUMN id ADD GENERATED BY DEFAULT AS IDENTITY (
    SEQUENCE NAME public.recipe_recipe_id_seq
    START WITH 1
    INCREMENT BY 1
    NO MINVALUE
    NO MAXVALUE
    CACHE 1
);


--
-- Name: recipe_userbookmark; Type: TABLE; Schema: public; Owner: postgres
--

CREATE TABLE public.recipe_userbookmark (
    id bigint NOT NULL,
    recipe_id bigint NOT NULL,
    user_id integer NOT NULL,
    created_at timestamp with time zone NOT NULL
);


ALTER TABLE public.recipe_userbookmark OWNER TO postgres;

--
-- Name: recipe_userbookmark_id_seq; Type: SEQUENCE; Schema: public; Owner: postgres
--

ALTER TABLE public.recipe_userbookmark ALTER COLUMN id ADD GENERATED BY DEFAULT AS IDENTITY (
    SEQUENCE NAME public.recipe_userbookmark_id_seq
    START WITH 1
    INCREMENT BY 1
    NO MINVALUE
    NO MAXVALUE
    CACHE 1
);


--
-- Name: recipe_usercomment; Type: TABLE; Schema: public; Owner: postgres
--

CREATE TABLE public.recipe_usercomment (
    id bigint NOT NULL,
    comment_text text NOT NULL,
    recipe_id bigint NOT NULL,
    user_id integer NOT NULL,
    created_at timestamp with time zone NOT NULL
);


ALTER TABLE public.recipe_usercomment OWNER TO postgres;

--
-- Name: recipe_usercomment_id_seq; Type: SEQUENCE; Schema: public; Owner: postgres
--

ALTER TABLE public.recipe_usercomment ALTER COLUMN id ADD GENERATED BY DEFAULT AS IDENTITY (
    SEQUENCE NAME public.recipe_usercomment_id_seq
    START WITH 1
    INCREMENT BY 1
    NO MINVALUE
    NO MAXVALUE
    CACHE 1
);


--
-- Name: recipe_userlike; Type: TABLE; Schema: public; Owner: postgres
--

CREATE TABLE public.recipe_userlike (
    id bigint NOT NULL,
    recipe_id bigint NOT NULL,
    user_id integer NOT NULL,
    created_at timestamp with time zone NOT NULL
);


ALTER TABLE public.recipe_userlike OWNER TO postgres;

--
-- Name: recipe_userlike_id_seq; Type: SEQUENCE; Schema: public; Owner: postgres
--

ALTER TABLE public.recipe_userlike ALTER COLUMN id ADD GENERATED BY DEFAULT AS IDENTITY (
    SEQUENCE NAME public.recipe_userlike_id_seq
    START WITH 1
    INCREMENT BY 1
    NO MINVALUE
    NO MAXVALUE
    CACHE 1
);


--
-- Name: recipe_userprofile; Type: TABLE; Schema: public; Owner: postgres
--

CREATE TABLE public.recipe_userprofile (
    id bigint NOT NULL,
    description text,
    height integer,
    weight integer,
    country character varying(2),
    gender character varying(1),
    user_id integer NOT NULL,
    food_preference character varying(15),
    CONSTRAINT recipe_userprofile_height_check CHECK ((height >= 0)),
    CONSTRAINT recipe_userprofile_weight_check CHECK ((weight >= 0))
);


ALTER TABLE public.recipe_userprofile OWNER TO postgres;

--
-- Name: recipe_userprofile_diet_goals; Type: TABLE; Schema: public; Owner: postgres
--

CREATE TABLE public.recipe_userprofile_diet_goals (
    id bigint NOT NULL,
    userprofile_id bigint NOT NULL,
    dietgoal_id bigint NOT NULL
);


ALTER TABLE public.recipe_userprofile_diet_goals OWNER TO postgres;

--
-- Name: recipe_userprofile_diet_goals_id_seq; Type: SEQUENCE; Schema: public; Owner: postgres
--

ALTER TABLE public.recipe_userprofile_diet_goals ALTER COLUMN id ADD GENERATED BY DEFAULT AS IDENTITY (
    SEQUENCE NAME public.recipe_userprofile_diet_goals_id_seq
    START WITH 1
    INCREMENT BY 1
    NO MINVALUE
    NO MAXVALUE
    CACHE 1
);


--
-- Name: recipe_userprofile_food_allergens; Type: TABLE; Schema: public; Owner: postgres
--

CREATE TABLE public.recipe_userprofile_food_allergens (
    id bigint NOT NULL,
    userprofile_id bigint NOT NULL,
    foodallergen_id bigint NOT NULL
);


ALTER TABLE public.recipe_userprofile_food_allergens OWNER TO postgres;

--
-- Name: recipe_userprofile_food_allergens_id_seq; Type: SEQUENCE; Schema: public; Owner: postgres
--

ALTER TABLE public.recipe_userprofile_food_allergens ALTER COLUMN id ADD GENERATED BY DEFAULT AS IDENTITY (
    SEQUENCE NAME public.recipe_userprofile_food_allergens_id_seq
    START WITH 1
    INCREMENT BY 1
    NO MINVALUE
    NO MAXVALUE
    CACHE 1
);


--
-- Name: recipe_userprofile_id_seq; Type: SEQUENCE; Schema: public; Owner: postgres
--

ALTER TABLE public.recipe_userprofile ALTER COLUMN id ADD GENERATED BY DEFAULT AS IDENTITY (
    SEQUENCE NAME public.recipe_userprofile_id_seq
    START WITH 1
    INCREMENT BY 1
    NO MINVALUE
    NO MAXVALUE
    CACHE 1
);


--
-- Name: recipe_userrating; Type: TABLE; Schema: public; Owner: postgres
--

CREATE TABLE public.recipe_userrating (
    id bigint NOT NULL,
    value integer NOT NULL,
    recipe_id bigint NOT NULL,
    user_id integer NOT NULL,
    created_at timestamp with time zone NOT NULL,
    CONSTRAINT recipe_userrating_value_check CHECK ((value >= 0))
);


ALTER TABLE public.recipe_userrating OWNER TO postgres;

--
-- Name: recipe_userrating_id_seq; Type: SEQUENCE; Schema: public; Owner: postgres
--

ALTER TABLE public.recipe_userrating ALTER COLUMN id ADD GENERATED BY DEFAULT AS IDENTITY (
    SEQUENCE NAME public.recipe_userrating_id_seq
    START WITH 1
    INCREMENT BY 1
    NO MINVALUE
    NO MAXVALUE
    CACHE 1
);


--
-- Name: recipe_userreview; Type: TABLE; Schema: public; Owner: postgres
--

CREATE TABLE public.recipe_userreview (
    id bigint NOT NULL,
    review_text text NOT NULL,
    recipe_id bigint NOT NULL,
    user_id integer NOT NULL,
    created_at timestamp with time zone NOT NULL
);


ALTER TABLE public.recipe_userreview OWNER TO postgres;

--
-- Name: recipe_userreview_id_seq; Type: SEQUENCE; Schema: public; Owner: postgres
--

ALTER TABLE public.recipe_userreview ALTER COLUMN id ADD GENERATED BY DEFAULT AS IDENTITY (
    SEQUENCE NAME public.recipe_userreview_id_seq
    START WITH 1
    INCREMENT BY 1
    NO MINVALUE
    NO MAXVALUE
    CACHE 1
);


--
-- Data for Name: auth_group; Type: TABLE DATA; Schema: public; Owner: postgres
--

COPY public.auth_group (id, name) FROM stdin;
\.


--
-- Data for Name: auth_group_permissions; Type: TABLE DATA; Schema: public; Owner: postgres
--

COPY public.auth_group_permissions (id, group_id, permission_id) FROM stdin;
\.


--
-- Data for Name: auth_permission; Type: TABLE DATA; Schema: public; Owner: postgres
--

COPY public.auth_permission (id, name, content_type_id, codename) FROM stdin;
1	Can add log entry	1	add_logentry
2	Can change log entry	1	change_logentry
3	Can delete log entry	1	delete_logentry
4	Can view log entry	1	view_logentry
5	Can add permission	2	add_permission
6	Can change permission	2	change_permission
7	Can delete permission	2	delete_permission
8	Can view permission	2	view_permission
9	Can add group	3	add_group
10	Can change group	3	change_group
11	Can delete group	3	delete_group
12	Can view group	3	view_group
13	Can add user	4	add_user
14	Can change user	4	change_user
15	Can delete user	4	delete_user
16	Can view user	4	view_user
17	Can add content type	5	add_contenttype
18	Can change content type	5	change_contenttype
19	Can delete content type	5	delete_contenttype
20	Can view content type	5	view_contenttype
21	Can add session	6	add_session
22	Can change session	6	change_session
23	Can delete session	6	delete_session
24	Can view session	6	view_session
25	Can add user bookmark	7	add_userbookmark
26	Can change user bookmark	7	change_userbookmark
27	Can delete user bookmark	7	delete_userbookmark
28	Can view user bookmark	7	view_userbookmark
29	Can add user like	8	add_userlike
30	Can change user like	8	change_userlike
31	Can delete user like	8	delete_userlike
32	Can view user like	8	view_userlike
33	Can add user profile	9	add_userprofile
34	Can change user profile	9	change_userprofile
35	Can delete user profile	9	delete_userprofile
36	Can view user profile	9	view_userprofile
37	Can add user comment	10	add_usercomment
38	Can change user comment	10	change_usercomment
39	Can delete user comment	10	delete_usercomment
40	Can view user comment	10	view_usercomment
41	Can add diet goal	11	add_dietgoal
42	Can change diet goal	11	change_dietgoal
43	Can delete diet goal	11	delete_dietgoal
44	Can view diet goal	11	view_dietgoal
45	Can add food allergen	12	add_foodallergen
46	Can change food allergen	12	change_foodallergen
47	Can delete food allergen	12	delete_foodallergen
48	Can view food allergen	12	view_foodallergen
49	Can add user review	13	add_userreview
50	Can change user review	13	change_userreview
51	Can delete user review	13	delete_userreview
52	Can view user review	13	view_userreview
53	Can add recipe	14	add_recipe
54	Can change recipe	14	change_recipe
55	Can delete recipe	14	delete_recipe
56	Can view recipe	14	view_recipe
57	Can add category	15	add_category
58	Can change category	15	change_category
59	Can delete category	15	delete_category
60	Can view category	15	view_category
61	Can add user rating	16	add_userrating
62	Can change user rating	16	change_userrating
63	Can delete user rating	16	delete_userrating
64	Can view user rating	16	view_userrating
\.


--
-- Data for Name: auth_user; Type: TABLE DATA; Schema: public; Owner: postgres
--

COPY public.auth_user (id, password, last_login, is_superuser, username, first_name, last_name, email, is_staff, is_active, date_joined) FROM stdin;
3	pbkdf2_sha256$600000$43uAGpVpoYIReNyLe7rvZp$go400yjXxZ7E7uswmSGHcKKagkEm1eoEHgSUFb8oGdI=	2023-12-20 13:06:08.602858+03	f	alicesmith	Alice	Smith	alicesmith@example.com	f	t	2023-01-03 00:00:00+03
22	pbkdf2_sha256$600000$Rm93zhtddmtj8lk1OGwdUf$5STkyREBZ53mfU6HvqZJHXFpIH9TCLfTBxeEXOOtnE0=	2023-12-20 22:00:20.366878+03	t	admin2			admin2@admin.com	t	t	2023-12-20 21:59:30.543905+03
10	hashed_password_10	\N	f	helenkeller			helenkeller@example.com	f	t	2023-01-10 00:00:00+03
7	hashed_password_7	\N	f	edwardnorton	Edward	Norton	edward@example.com	f	t	2023-01-07 00:00:00+03
18	hashed_password_18	\N	f	paulmc	Paul	McCarthy	paul@example.com	f	t	2023-01-18 00:00:00+03
6	hashed_password_6	\N	f	dianarose	Diana	Ross	user6@example.com	f	t	2023-01-06 00:00:00+03
8	hashed_password_8	\N	f	fionaapple	Fiona	Apple	user8@example.com	f	t	2023-01-08 00:00:00+03
9	hashed_password_9	\N	f	georgecl	George	Clooney	user9@example.com	f	t	2023-01-09 00:00:00+03
15	hashed_password_15	\N	f	milakunis	Mila	Kunis	user15@example.com	f	t	2023-01-15 00:00:00+03
23	pbkdf2_sha256$600000$g2hUDqtZzPbjySsxxIJb5I$iRtAROy2Da5OFwU/EYq0Hx/BTtE0eZZiY5vZ3ncy/g4=	2023-12-23 11:27:12.541646+03	f	t1			t1@example.com	f	t	2023-12-23 11:23:37.444754+03
16	hashed_password_16	\N	f	natalieport				f	t	2023-01-16 00:00:00+03
20	hashed_password_20	\N	f	rihannafent	rihanna	fent	rihannafent@example.com	f	t	2023-01-20 00:00:00+03
11	hashed_password_11	\N	f	igorstra				f	t	2023-01-11 00:00:00+03
24	pbkdf2_sha256$600000$SwoMvOmCzAersNWttNUv0s$TkP84GMuY0c/5vKnTSV3peWxOaGUrE5lBOeUvmNNCcM=	2023-12-23 11:31:37.124936+03	f	t2	test2	test22	t2@example.com	f	t	2023-12-23 11:31:27.781658+03
14	hashed_password_14	\N	f	liamnesson				f	t	2023-01-14 00:00:00+03
4	pbkdf2_sha256$600000$qMzyFyEE0bdZXdOCuhCRJi$exxaB4UBAlNoiKw4IBDdKdin7DNf6pVwaTK1BCnRphU=	2023-12-25 12:09:44.490296+03	f	bobjohnson	Bob	Johnson	bobjohnson@example.com	f	t	2023-01-04 00:00:00+03
12	hashed_password_12	\N	f	jackblack	Jack	Black	jack@example.com	f	t	2023-01-12 00:00:00+03
1	hashed_password_1	\N	t	johndoe	John	Doe	johndoe@example.com	t	t	2023-01-01 00:00:00+03
19	hashed_password_19	\N	f	quentintara				f	t	2023-01-19 00:00:00+03
13	hashed_password_13	\N	f	katieholmes				f	t	2023-01-13 00:00:00+03
17	hashed_password_17	\N	f	oscarwilde				f	t	2023-01-17 00:00:00+03
2	hashed_password_2	\N	f	janedoe\n	Jane	Doe	janedoe@example.com	f	t	2023-01-02 00:00:00+03
5	hashed_password_5	\N	f	charliebrows	Charlie	Brows	charlie@example.com	f	t	2023-01-05 00:00:00+03
\.


--
-- Data for Name: auth_user_groups; Type: TABLE DATA; Schema: public; Owner: postgres
--

COPY public.auth_user_groups (id, user_id, group_id) FROM stdin;
\.


--
-- Data for Name: auth_user_user_permissions; Type: TABLE DATA; Schema: public; Owner: postgres
--

COPY public.auth_user_user_permissions (id, user_id, permission_id) FROM stdin;
\.


--
-- Data for Name: django_admin_log; Type: TABLE DATA; Schema: public; Owner: postgres
--

COPY public.django_admin_log (id, action_time, object_id, object_repr, action_flag, change_message, content_type_id, user_id) FROM stdin;
2	2023-12-20 22:01:40.466251+03	21	admin	3		4	22
3	2023-12-20 22:02:23.236316+03	4	bobjohnson	2	[{"changed": {"fields": ["password"]}}]	4	22
4	2023-12-20 22:04:16.628727+03	10	helenkeller	2	[{"changed": {"fields": ["Email address"]}}]	4	22
5	2023-12-20 22:04:32.207335+03	4	bobjohnson	2	[{"changed": {"fields": ["Email address"]}}]	4	22
\.


--
-- Data for Name: django_content_type; Type: TABLE DATA; Schema: public; Owner: postgres
--

COPY public.django_content_type (id, app_label, model) FROM stdin;
1	admin	logentry
2	auth	permission
3	auth	group
4	auth	user
5	contenttypes	contenttype
6	sessions	session
7	recipe	userbookmark
8	recipe	userlike
9	recipe	userprofile
10	recipe	usercomment
11	recipe	dietgoal
12	recipe	foodallergen
13	recipe	userreview
14	recipe	recipe
15	recipe	category
16	recipe	userrating
\.


--
-- Data for Name: django_migrations; Type: TABLE DATA; Schema: public; Owner: postgres
--

COPY public.django_migrations (id, app, name, applied) FROM stdin;
1	contenttypes	0001_initial	2023-11-11 15:42:22.011013+03
2	auth	0001_initial	2023-11-11 15:42:22.239827+03
3	admin	0001_initial	2023-11-11 15:42:22.294874+03
4	admin	0002_logentry_remove_auto_add	2023-11-11 15:42:22.309919+03
5	admin	0003_logentry_add_action_flag_choices	2023-11-11 15:42:22.327464+03
6	contenttypes	0002_remove_content_type_name	2023-11-11 15:42:22.357493+03
7	auth	0002_alter_permission_name_max_length	2023-11-11 15:42:22.375458+03
8	auth	0003_alter_user_email_max_length	2023-11-11 15:42:22.391457+03
9	auth	0004_alter_user_username_opts	2023-11-11 15:42:22.40649+03
10	auth	0005_alter_user_last_login_null	2023-11-11 15:42:22.421468+03
11	auth	0006_require_contenttypes_0002	2023-11-11 15:42:22.427025+03
12	auth	0007_alter_validators_add_error_messages	2023-11-11 15:42:22.446048+03
13	auth	0008_alter_user_username_max_length	2023-11-11 15:42:22.474036+03
14	auth	0009_alter_user_last_name_max_length	2023-11-11 15:42:22.491079+03
15	auth	0010_alter_group_name_max_length	2023-11-11 15:42:22.511079+03
16	auth	0011_update_proxy_permissions	2023-11-11 15:42:22.525134+03
17	auth	0012_alter_user_first_name_max_length	2023-11-11 15:42:22.545727+03
18	sessions	0001_initial	2023-11-11 15:42:22.586731+03
19	recipe	0001_initial	2023-11-12 16:52:22.184764+03
20	recipe	0002_userprofile_food_preference_alter_userprofile_gender	2023-11-28 01:59:11.92558+03
21	recipe	0003_recipe_avg_rating_recipe_recipe_images_and_more	2023-12-10 21:46:33.480374+03
22	recipe	0004_rename_recipe_images_recipe_images	2023-12-10 22:16:28.350807+03
\.


--
-- Data for Name: django_session; Type: TABLE DATA; Schema: public; Owner: postgres
--

COPY public.django_session (session_key, session_data, expire_date) FROM stdin;
iny91fo4rxe6uydlh7ij6nitvetf210r	.eJxVjEEOwiAQRe_C2hAYaAou3XsGMsMMUjU0Ke3KeHdt0oVu_3vvv1TCba1p67KkidVZOXX63QjzQ9oO-I7tNus8t3WZSO-KPmjX15nleTncv4OKvX5rZOeGAFkyBLFoJQQy2YMAICMbpjKayB7AO-_jGArbgkzkTBwsWfX-APkSOEc:1rEf2n:OFKszoh1db1W9XFXKfnd1a2KUeE7DzJOjYoqzfgIBb8	2023-12-31 03:30:09.104294+03
xrzb6vfhgbqyk18o7zazsbzbqagr6ml6	.eJxVjEEOwiAQRe_C2hAYaAou3XsGMsMMUjU0Ke3KeHdt0oVu_3vvv1TCba1p67KkidVZOXX63QjzQ9oO-I7tNus8t3WZSO-KPmjX15nleTncv4OKvX5rZOeGAFkyBLFoJQQy2YMAICMbpjKayB7AO-_jGArbgkzkTBwsWfX-APkSOEc:1rEfAx:KnQe95RssPhrTpYCQqmh3Nv64ETI17cmcYlMH9gh6OQ	2023-12-31 03:38:35.214641+03
xdnaq08792khxhlv6iqpu73luy33lqzo	e30:1rEfFb:c0lJlvicqmlCe3dfUz35QXlBFhULulfH71UxEa1CIGY	2023-12-31 03:43:23.605276+03
g7oqxtci53imp2oqlohh5coe1wzqc717	e30:1rEfH3:3CIjVXUUC4gooQICfLKTTUW1PtTSI61aBWa7H3rfToM	2023-12-31 03:44:53.934829+03
r4bxkzxd3blnsah07jgzye1zahvu6hjx	e30:1rEfMH:Qayd0yMsh3cGtj7d37UsXORQRAWb7F2WQOoG-blVLYw	2023-12-31 03:50:17.977707+03
f3w8x8att9qm5ur1qliqep7btmyccapa	.eJxVjEEOwiAQRe_C2hAYaAou3XsGMsMMUjU0Ke3KeHdt0oVu_3vvv1TCba1p67KkidVZOXX63QjzQ9oO-I7tNus8t3WZSO-KPmjX15nleTncv4OKvX5rZOeGAFkyBLFoJQQy2YMAICMbpjKayB7AO-_jGArbgkzkTBwsWfX-APkSOEc:1rEfNh:IayR32XAh-UbMBvdBRlTj4A-3xEQxORGjX3ztWqRJ0A	2023-12-31 03:51:45.448839+03
vugdk1m1upg0suse01pfovoi2t2gx31x	.eJxVjEsOwjAMBe-SNYqSOKUOS_Y9Q2XHDi2gVOpnhbg7VOoCtm9m3sv0tK1Dvy0696OYi4nm9Lsx5YfWHcid6m2yearrPLLdFXvQxXaT6PN6uH8HAy3Dt4YimD1TDByDY9XWeRFI2IbkUKgQAgAqpewT4BkhBhLHpTSNplbN-wPtozgO:1rHgy0:1aER2YtLhWzamhOLWnfPbk5NhV0_i5BMnaepTdeMEX0	2024-01-08 12:09:44.490296+03
5e8hg87hj11eoy65yj8ak2dugtapazms	.eJxVjMsOwiAQRf-FtSECA7Qu3fcbyMDM2KqBpI-V8d-1SRe6veec-1IJt3VM28JzmkhdFKjT75axPLjugO5Yb02XVtd5ynpX9EEXPTTi5_Vw_w5GXMZvHTGI6xihI_TWWAcBiCyb3nkKIZqeJHqWjnKQc7ZYousBuKAACXv1_gDlQzh4:1rG3Mn:h1eGW_mRY-DTD44hBbI79MZo0KVpCf4WVyHg3HKuNgE	2024-01-03 23:40:33.049792+03
6lt97gwrhg4kt5m9voqiw36ilfzia8ad	.eJxVjMsOwiAURP-FtSEIlwt16b7fQHhdqRpISrsy_ruSdKG7yZwz82LO71txe8-rWxK7MAns9FsGHx-5DpLuvt4aj61u6xL4UPhBO59bys_r4f4dFN_Ld4062iwQgs9JwYhqsqBICEGTkEKSQY9A2p7BajRoEyGaGC1QJlTs_QHnnDc4:1rGxQ1:paMqi4hNoMb7ilQWdZeMBuF0_zPoue4LrdRuk02ZX4w	2024-01-06 11:31:37.140521+03
qo47uiwpy8f7705fttsbqoa02qlg7io8	.eJxVjEsOwjAMBe-SNYqSOKUOS_Y9Q2XHDi2gVOpnhbg7VOoCtm9m3sv0tK1Dvy0696OYi4nm9Lsx5YfWHcid6m2yearrPLLdFXvQxXaT6PN6uH8HAy3Dt4YimD1TDByDY9XWeRFI2IbkUKgQAgAqpewT4BkhBhLHpTSNplbN-wPtozgO:1rHguI:c56ejuQwJM00cW5W7lAz88FJQ0EXh2nShF6tQm25Q7Y	2024-01-08 12:05:54.595574+03
\.


--
-- Data for Name: recipe_category; Type: TABLE DATA; Schema: public; Owner: postgres
--

COPY public.recipe_category (id, name) FROM stdin;
1	breakfast
2	lunch
3	dinner
\.


--
-- Data for Name: recipe_dietgoal; Type: TABLE DATA; Schema: public; Owner: postgres
--

COPY public.recipe_dietgoal (id, name) FROM stdin;
1	Weight loss
2	Weight Gain
\.


--
-- Data for Name: recipe_foodallergen; Type: TABLE DATA; Schema: public; Owner: postgres
--

COPY public.recipe_foodallergen (id, name) FROM stdin;
1	celery
2	gluten
3	crustaceans
4	eggs
5	fish
6	lupin
7	milk
8	molluscs
9	mustard
10	peanuts
11	sesame
12	soybeans
14	walnut
15	almond
16	hazelnut
17	pecan
18	cashew
19	pistachio
13	sulphur dioxide
20	sulphites
21	prawns
22	crabs
23	lobsters
24	mussels
25	oysters
26	almonds
27	hazelnuts
28	walnuts
29	brazil nuts
30	cashews
31	pecans
32	pistachios
33	macadamia nuts
\.


--
-- Data for Name: recipe_recipe; Type: TABLE DATA; Schema: public; Owner: postgres
--

COPY public.recipe_recipe (id, title, description, ingredients, instructions, videos, nutrition_facts, preparation_time, cooking_time, created_at, creator_id, avg_rating, images) FROM stdin;
5	Grilled Salmon	Healthy grilled salmon	{"lemon": "1", "olive oil": "2 tbsp", "salmon fillet": "2 pieces"}	["Season salmon", "Grill on high heat", "Squeeze lemon over"]	\N	{"carbs": 10, "protein": 30, "calories": 400}	12	15	2023-01-05 20:30:00+03	5	0	\N
7	Caesar Salad	Fresh and crisp salad	{"croutons": "1 cup", "parmesan cheese": "1/2 cup", "romaine lettuce": "1 head"}	["Chop lettuce", "Add croutons and cheese", "Toss with dressing"]	\N	{"carbs": 15, "protein": 8, "calories": 250}	8	10	2023-01-07 12:45:00+03	7	0	\N
8	Beef Tacos	Spicy beef tacos	{"salsa": "1 cup", "ground beef": "300g", "taco shells": "8"}	["Brown beef", "Warm taco shells", "Assemble tacos"]	\N	{"carbs": 40, "protein": 20, "calories": 450}	20	25	2023-01-08 15:00:00+03	8	0	\N
10	Shrimp Scampi	Garlicky shrimp pasta	{"shrimp": "400g", "linguine": "250g", "white wine": "1/2 cup"}	["Cook shrimp in garlic butter", "Boil pasta", "Combine ingredients"]	\N	{"carbs": 30, "protein": 25, "calories": 550}	15	20	2023-01-10 19:45:00+03	10	0	\N
12	Caprese Sandwich	Fresh and simple sandwich	{"tomatoes": "2", "ciabatta bread": "1 loaf", "fresh mozzarella": "150g"}	["Slice bread", "Layer with tomatoes and mozzarella", "Drizzle with balsamic glaze"]	\N	{"carbs": 40, "protein": 15, "calories": 350}	12	15	2023-01-12 10:30:00+03	12	0	\N
19	sdf	adsfasdf	{"a": "1 gr"}	["ss1", "ss2"]	\N	\N	23	32	2023-11-27 02:19:19.794811+03	13	0	\N
21	Chicken rice	It is chicken with rice	{"rice": "100 gr", "salt": "10 gr", "peper": "20 gr", "chicken": "200 gr"}	["steam chicken", "steam rice", "mix them", "eat"]	\N	\N	20	40	2023-11-28 20:57:13.342677+03	8	0	\N
20	PastaPastaPastaPastaPastaPastaPastaPastaPastaPastaPastaPastaPastaPastaPastaPastaPastaPastaPastaPastaPastaPastaPastaPastaPastaPastaPastaPastaPastaPastaPastaPastaPastaPasta	It is pasta It is pastaIt is pastaIt is pastaIt is pastaIt is pastaIt is pastaIt is pastaIt is pastaIt is pastaIt is pastaIt is pastaIt is pastaIt is pastaIt is pastaIt is pastaIt is pastaIt is pastaIt is pastaIt is pastaIt is pastaIt is pastaIt is pastaIt is pastaIt is pastaIt is pastaIt is pastaIt is pastaIt is pastaIt is pastaIt is pastaIt is pastaIt is pastaIt is pastaIt is pastaIt is pastaIt is pastaIt is pastaIt is pastaIt is pastaIt is pastaIt is pastaIt is pastaIt is pasta	{"P": "100 gr", "V": "300 gr", "X": "200 gr"}	["step1", "step2", "step3"]	\N	\N	300	200	2023-11-28 14:11:08.477128+03	6	0	\N
1	Spaghetti Bolognese	Classic Italian dish	{"pasta": "300 gr", "ground beef": "250 gr", "tomato sauce": "500 ml"}	["Boil water", "Cook pasta", "Brown beef", "Combine ingredients"]	\N	{"carbs": 60, "protein": 20, "calories": 500}	20	30	2023-01-01 12:00:00+03	1	0	\N
2	Chicken Alfredo	Creamy chicken pasta	{"chicken": "400 g", "fettuccine": "250 g", "heavy cream": "300 ml"}	["Cook chicken", "Boil pasta", "Combine ingredients"]	\N	{"carbs": 40, "protein": 30, "calories": 700}	25	35	2023-01-02 14:30:00+03	2	0	\N
4	Margherita Pizza	Simple and delicious pizza	{"dough": "1 ball", "tomatoes": "200 gr", "mozzarella cheese": "150 gr"}	["Roll out dough", "Top with ingredients", "Bake in oven"]	\N	{"carbs": 70, "protein": 25, "calories": 600}	18	25	2023-01-04 18:00:00+03	4	0	\N
9	Vegetable Curry	Flavorful vegetarian curry	{"carrots": "2", "potatoes": "2", "coconut milk": "400 ml"}	["Chop veggies", "Simmer in curry sauce", "Serve over rice"]	\N	{"carbs": 50, "protein": 10, "calories": 300}	30	40	2023-01-09 17:30:00+03	9	0	\N
29	baleEEEEEEEEEE	bale ENENENENENEN	{"meat": "300 gr", "rice": "400 gr", "cheese": "200 gr", "tomato": "10 gr", "chicken": "500 gr"}	["afd"]	\N	{"Protein (G)": 2648.656746031746, "Energy (KCAL)": 21845.039682539682, "Iron, Fe (MG)": 6.936507936507936, "Sodium, Na (MG)": 83487.20238095238, "Calcium, Ca (MG)": 48125.99206349206, "Cholesterol (MG)": 4557.142857142858, "Vitamin A, IU (IU)": 80191.66666666667, "Total lipid (fat) (G)": 1653.8035714285716, "Fiber, total dietary (G)": 3.8888888888888884, "Fatty acids, total trans (G)": 0.0, "Carbohydrate, by difference (G)": 1673.3333333333333, "Fatty acids, total saturated (G)": 1218.7142857142858, "Sugars, total including NLEA (G)": 3.8611111111111107, "Vitamin C, total ascorbic acid (MG)": 6.944444444444445}	12312	21312	2023-12-09 16:50:58.619993+03	5	0	
6	Chocolate Chip Cookies	Classic homemade cookies	{"flour": "2 cups", "butter": "1/2 cup", "chocolate chips": "1 cup"}	["Mix ingredients", "Bake in oven"]	\N	{"carbs": 30, "protein": 5, "calories": 200}	10	12	2023-01-06 10:15:00+03	6	3.5161290322580645	
11	Mushroom Risotto	Creamy mushroom rice	{"mushrooms": "200g", "arborio rice": "1 cup", "vegetable broth": "2 cups"}	["Sauté mushrooms", "Add rice and broth", "Stir until creamy"]	\N	{"carbs": 70, "protein": 10, "calories": 400}	25	30	2023-01-11 21:00:00+03	11	4	
3	Vegetarian Stir Fry	Healthy veggie stir fry	{"tofu": "300 gr", "broccoli": "200 gr", "bell peppers": "150 gr"}	["Stir fry tofu", "Add veggies", "Season with soy sauce"]	\N	{"carbs": 50, "protein": 15, "calories": 400}	15	20	2023-01-03 16:45:00+03	3	0	\N
40	test recipe	test recipe	{"milk": "200  gr", "tomato": "50 gr", "chicken": "100 gr"}	["steam chickennnnnnnn"]	\N	{"Protein (G)": 41.087167070217916, "Energy (KCAL)": 237.681598062954, "Iron, Fe (MG)": 0.0, "Sodium, Na (MG)": 366.2530266343826, "Calcium, Ca (MG)": 107.62711864406779, "Cholesterol (MG)": 87.13680387409201, "Vitamin A, IU (IU)": 179.66101694915253, "Total lipid (fat) (G)": 4.993038740920097, "Fiber, total dietary (G)": 0.0, "Fatty acids, total trans (G)": 0.0, "Carbohydrate, by difference (G)": 4.305084745762712, "Fatty acids, total saturated (G)": 2.6655569007263926, "Sugars, total including NLEA (G)": 4.305084745762712, "Vitamin C, total ascorbic acid (MG)": 0.847457627118644, "Vitamin D (D2 + D3), International Units (IU)": 35.59322033898305}	123	321	2023-12-12 13:16:44.456361+03	10	0	
41	test recipewwwwwwwww	test recipe	{"milk": "200 gr", "tomato": "50 gr", "chicken": "100 gr"}	["steam chickennnnnnnn"]	\N	{"Protein (G)": 41.087167070217916, "Energy (KCAL)": 237.681598062954, "Iron, Fe (MG)": 0.0, "Sodium, Na (MG)": 366.2530266343826, "Calcium, Ca (MG)": 107.62711864406779, "Cholesterol (MG)": 87.13680387409201, "Vitamin A, IU (IU)": 179.66101694915253, "Total lipid (fat) (G)": 4.993038740920097, "Fiber, total dietary (G)": 0.0, "Fatty acids, total trans (G)": 0.0, "Carbohydrate, by difference (G)": 4.305084745762712, "Fatty acids, total saturated (G)": 2.6655569007263926, "Sugars, total including NLEA (G)": 4.305084745762712, "Vitamin C, total ascorbic acid (MG)": 0.847457627118644, "Vitamin D (D2 + D3), International Units (IU)": 35.59322033898305}	123	321	2023-12-12 13:24:43.172841+03	10	0	
42	test recipeeeeeeee	test recipe	{"milk": "200 gr", "tomato": "50 gr", "chicken": "100 gr"}	["steam chickennnnnnnn"]	\N	{"Protein (G)": 41.087167070217916, "Energy (KCAL)": 237.681598062954, "Iron, Fe (MG)": 0.0, "Sodium, Na (MG)": 366.2530266343826, "Calcium, Ca (MG)": 107.62711864406779, "Cholesterol (MG)": 87.13680387409201, "Vitamin A, IU (IU)": 179.66101694915253, "Total lipid (fat) (G)": 4.993038740920097, "Fiber, total dietary (G)": 0.0, "Fatty acids, total trans (G)": 0.0, "Carbohydrate, by difference (G)": 4.305084745762712, "Fatty acids, total saturated (G)": 2.6655569007263926, "Sugars, total including NLEA (G)": 4.305084745762712, "Vitamin C, total ascorbic acid (MG)": 0.847457627118644, "Vitamin D (D2 + D3), International Units (IU)": 35.59322033898305}	123	321	2023-12-12 13:24:52.485686+03	10	0	
39	id 39 edit 2	test recipe test recipe 2	{"milk": "200  gr", "tomato": "50 gr", "chicken": "100 gr"}	["steam chickennnnnnnn"]	\N	{"Protein (G)": 41.087167070217916, "Energy (KCAL)": 237.681598062954, "Iron, Fe (MG)": 0.0, "Sodium, Na (MG)": 366.2530266343826, "Calcium, Ca (MG)": 107.62711864406779, "Cholesterol (MG)": 87.13680387409201, "Vitamin A, IU (IU)": 179.66101694915253, "Total lipid (fat) (G)": 4.993038740920097, "Fiber, total dietary (G)": 0.0, "Fatty acids, total trans (G)": 0.0, "Carbohydrate, by difference (G)": 4.305084745762712, "Fatty acids, total saturated (G)": 2.6655569007263926, "Sugars, total including NLEA (G)": 4.305084745762712, "Vitamin C, total ascorbic acid (MG)": 0.847457627118644, "Vitamin D (D2 + D3), International Units (IU)": 35.59322033898305}	231	321312	2023-12-12 13:16:43.45642+03	10	0	
44	test101	test101	{"milk": "300 gr", "tomato": "150 gr", "chicken": "100 gr"}	["adf"]	\N	\N	13	312	2023-12-12 19:39:16.252735+03	5	0	
45	test102	test102	{"rice": "200 gr", "yogurt": "300 gr", "chicken": "100 gr"}	["adf"]	\N	{"Protein (G)": 48.221965452847805, "Energy (KCAL)": 550.0093370681606, "Iron, Fe (MG)": 2.6111111111111107, "Sodium, Na (MG)": 1037.8291316526609, "Calcium, Ca (MG)": 247.12418300653593, "Cholesterol (MG)": 101.53361344537815, "Vitamin A, IU (IU)": 199.95098039215685, "Total lipid (fat) (G)": 11.759663865546218, "Fiber, total dietary (G)": 1.9444444444444442, "Fatty acids, total trans (G)": 0.0, "Carbohydrate, by difference (G)": 64.72549019607843, "Fatty acids, total saturated (G)": 4.695168067226891, "Sugars, total including NLEA (G)": 29.989379084967318, "Vitamin C, total ascorbic acid (MG)": 4.707516339869281}	13	312	2023-12-12 19:43:48.002956+03	5	0	
47	title2	title 2222	{"dasf": "12 gr", "milk": "21 gr", "riceee": "32 gr"}	["af", "af2", "af3"]	\N	{"Protein (G)": 0.30165254237288136, "Energy (KCAL)": 4.8940677966101696, "Iron, Fe (MG)": 0.0, "Sodium, Na (MG)": 4.8940677966101696, "Calcium, Ca (MG)": 11.300847457627118, "Cholesterol (MG)": 0.711864406779661, "Vitamin A, IU (IU)": 18.864406779661017, "Total lipid (fat) (G)": 0.18864406779661017, "Fiber, total dietary (G)": 0.0, "Fatty acids, total trans (G)": 0.0, "Carbohydrate, by difference (G)": 0.4520338983050847, "Fatty acids, total saturated (G)": 0.11300847457627118, "Sugars, total including NLEA (G)": 0.4520338983050847, "Vitamin C, total ascorbic acid (MG)": 0.08898305084745763, "Vitamin D (D2 + D3), International Units (IU)": 3.73728813559322}	12	21	2023-12-19 17:56:09.93457+03	3	0	
46	Yogurt desert	this is a famous Turkish desert people who don't like yogurt don't worry this desert taste nothing like yogurt	{"egg": "200 gr", "oil": "100 gr", "flour": "500 gr", "sugar": "150 gr", "yogurt": "400 gr"}	["mix sugar and eggs", "add oil and mix well", "add yogurt and flour alternatively", "pour in a rectangular pan", "bake in 180 centigrade oven for 35 minutes", "pour syrup over the yogurt cake"]	\N	{"Niacin (MG)": 41.66666666666667, "Protein (G)": 103.59072297712528, "Thiamin (MG)": 0.0, "Energy (KCAL)": 26127.137928636406, "Iron, Fe (MG)": 30.000000000000004, "Riboflavin (MG)": 2.833333333333334, "Sodium, Na (MG)": 6778.009022185544, "Calcium, Ca (MG)": 1098.1598592721966, "Cholesterol (MG)": 233.36349422981385, "Vitamin A, IU (IU)": 138.82352941176472, "Total lipid (fat) (G)": 813.5330271597736, "Fiber, total dietary (G)": 20.51282001121668, "Fatty acids, total trans (G)": 0.0, "Carbohydrate, by difference (G)": 4740.616883866466, "Fatty acids, total saturated (G)": 173.3719431933383, "Sugars, total including NLEA (G)": 4136.770730521916, "Vitamin C, total ascorbic acid (MG)": 1.6470588235294117}	45	35	2023-12-12 20:45:03.506378+03	5	1	
\.


--
-- Data for Name: recipe_recipe_category; Type: TABLE DATA; Schema: public; Owner: postgres
--

COPY public.recipe_recipe_category (id, recipe_id, category_id) FROM stdin;
13	19	1
14	19	3
15	20	2
16	20	3
17	21	2
18	21	3
31	29	2
32	29	3
51	39	1
52	39	2
53	40	1
54	40	2
55	41	1
56	41	2
57	42	1
58	42	2
61	44	2
62	44	3
63	45	2
64	45	3
65	46	2
66	46	3
67	47	1
68	47	2
\.


--
-- Data for Name: recipe_userbookmark; Type: TABLE DATA; Schema: public; Owner: postgres
--

COPY public.recipe_userbookmark (id, recipe_id, user_id, created_at) FROM stdin;
79	4	1	2023-12-10 21:46:33.342374+03
80	5	1	2023-12-10 21:46:33.342374+03
81	1	1	2023-12-10 21:46:33.342374+03
104	11	1	2023-12-22 20:51:11.921106+03
107	11	4	2023-12-22 20:56:54.026423+03
\.


--
-- Data for Name: recipe_usercomment; Type: TABLE DATA; Schema: public; Owner: postgres
--

COPY public.recipe_usercomment (id, comment_text, recipe_id, user_id, created_at) FROM stdin;
28	hello	1	1	2023-12-10 21:46:33.369373+03
29	good recipe	1	1	2023-12-10 21:46:33.369373+03
30	It was good	3	1	2023-12-10 21:46:33.369373+03
31	Don't we have to cook the veggies	3	1	2023-12-10 21:46:33.369373+03
32	good recipe	5	1	2023-12-12 19:51:11.213916+03
33	good recipe	5	1	2023-12-12 19:52:34.680102+03
34	good recipe	5	1	2023-12-12 19:52:41.184748+03
35	good recipe	5	1	2023-12-12 19:52:42.7449+03
37	test1	5	1	2023-12-12 19:53:52.891348+03
38	test1	5	1	2023-12-12 19:54:06.789534+03
39	nj	8	1	2023-12-19 17:52:24.387232+03
40	test1	11	1	2023-12-22 22:39:53.286129+03
43	hmmmmmm	3	4	2023-12-22 22:44:12.113378+03
\.


--
-- Data for Name: recipe_userlike; Type: TABLE DATA; Schema: public; Owner: postgres
--

COPY public.recipe_userlike (id, recipe_id, user_id, created_at) FROM stdin;
\.


--
-- Data for Name: recipe_userprofile; Type: TABLE DATA; Schema: public; Owner: postgres
--

COPY public.recipe_userprofile (id, description, height, weight, country, gender, user_id, food_preference) FROM stdin;
17		\N	\N	\N	\N	11	
20		\N	\N	\N	\N	14	
8		200	80	\N	M	19	vegetarian
15		180	75	\N	\N	13	vegan
1		180	75	\N	M	17	vegan
3		\N	\N	\N	F	10	
14		160	100	EE	\N	7	
21		\N	\N	\N	\N	18	
6	iam	175	70	\N	F	20	vegan
5	I am John Doe chef	17518	70	\N	M	1	vegan
10	I am Jack Black	200	120	FR	F	12	vegan
7	\N	168	55	\N	F	8	vegan
4	I am Alice SMith	200	80	\N	F	3	vegetarian
11	\N	200	80	\N	M	15	vegetarian
19	\N	\N	\N	\N	\N	9	\N
22	\N	\N	\N	\N	\N	6	\N
2	First of his name	200	300	GB	M	4	
18		180	75	\N	\N	16	vegan
23	test2 test2test2	\N	\N	\N	\N	24	
9	i am jane doe	177	65	\N	F	2	
16	I am charlie Brows	180	755	AT	\N	5	vegan
\.


--
-- Data for Name: recipe_userprofile_diet_goals; Type: TABLE DATA; Schema: public; Owner: postgres
--

COPY public.recipe_userprofile_diet_goals (id, userprofile_id, dietgoal_id) FROM stdin;
\.


--
-- Data for Name: recipe_userprofile_food_allergens; Type: TABLE DATA; Schema: public; Owner: postgres
--

COPY public.recipe_userprofile_food_allergens (id, userprofile_id, foodallergen_id) FROM stdin;
1	10	26
2	10	2
3	10	5
4	10	4
5	4	2
6	4	5
7	4	15
8	4	25
9	4	27
10	2	7
\.


--
-- Data for Name: recipe_userrating; Type: TABLE DATA; Schema: public; Owner: postgres
--

COPY public.recipe_userrating (id, value, recipe_id, user_id, created_at) FROM stdin;
34	1	46	4	2023-12-23 02:40:58.809469+03
\.


--
-- Data for Name: recipe_userreview; Type: TABLE DATA; Schema: public; Owner: postgres
--

COPY public.recipe_userreview (id, review_text, recipe_id, user_id, created_at) FROM stdin;
\.


--
-- Name: auth_group_id_seq; Type: SEQUENCE SET; Schema: public; Owner: postgres
--

SELECT pg_catalog.setval('public.auth_group_id_seq', 1, false);


--
-- Name: auth_group_permissions_id_seq; Type: SEQUENCE SET; Schema: public; Owner: postgres
--

SELECT pg_catalog.setval('public.auth_group_permissions_id_seq', 1, false);


--
-- Name: auth_permission_id_seq; Type: SEQUENCE SET; Schema: public; Owner: postgres
--

SELECT pg_catalog.setval('public.auth_permission_id_seq', 64, true);


--
-- Name: auth_user_groups_id_seq; Type: SEQUENCE SET; Schema: public; Owner: postgres
--

SELECT pg_catalog.setval('public.auth_user_groups_id_seq', 1, false);


--
-- Name: auth_user_id_seq; Type: SEQUENCE SET; Schema: public; Owner: postgres
--

SELECT pg_catalog.setval('public.auth_user_id_seq', 24, true);


--
-- Name: auth_user_user_permissions_id_seq; Type: SEQUENCE SET; Schema: public; Owner: postgres
--

SELECT pg_catalog.setval('public.auth_user_user_permissions_id_seq', 1, false);


--
-- Name: django_admin_log_id_seq; Type: SEQUENCE SET; Schema: public; Owner: postgres
--

SELECT pg_catalog.setval('public.django_admin_log_id_seq', 5, true);


--
-- Name: django_content_type_id_seq; Type: SEQUENCE SET; Schema: public; Owner: postgres
--

SELECT pg_catalog.setval('public.django_content_type_id_seq', 16, true);


--
-- Name: django_migrations_id_seq; Type: SEQUENCE SET; Schema: public; Owner: postgres
--

SELECT pg_catalog.setval('public.django_migrations_id_seq', 22, true);


--
-- Name: recipe_category_id_seq; Type: SEQUENCE SET; Schema: public; Owner: postgres
--

SELECT pg_catalog.setval('public.recipe_category_id_seq', 3, true);


--
-- Name: recipe_dietgoal_id_seq; Type: SEQUENCE SET; Schema: public; Owner: postgres
--

SELECT pg_catalog.setval('public.recipe_dietgoal_id_seq', 1, false);


--
-- Name: recipe_foodallergen_id_seq; Type: SEQUENCE SET; Schema: public; Owner: postgres
--

SELECT pg_catalog.setval('public.recipe_foodallergen_id_seq', 33, true);


--
-- Name: recipe_recipe_category_id_seq; Type: SEQUENCE SET; Schema: public; Owner: postgres
--

SELECT pg_catalog.setval('public.recipe_recipe_category_id_seq', 70, true);


--
-- Name: recipe_recipe_id_seq; Type: SEQUENCE SET; Schema: public; Owner: postgres
--

SELECT pg_catalog.setval('public.recipe_recipe_id_seq', 48, true);


--
-- Name: recipe_userbookmark_id_seq; Type: SEQUENCE SET; Schema: public; Owner: postgres
--

SELECT pg_catalog.setval('public.recipe_userbookmark_id_seq', 118, true);


--
-- Name: recipe_usercomment_id_seq; Type: SEQUENCE SET; Schema: public; Owner: postgres
--

SELECT pg_catalog.setval('public.recipe_usercomment_id_seq', 44, true);


--
-- Name: recipe_userlike_id_seq; Type: SEQUENCE SET; Schema: public; Owner: postgres
--

SELECT pg_catalog.setval('public.recipe_userlike_id_seq', 1, false);


--
-- Name: recipe_userprofile_diet_goals_id_seq; Type: SEQUENCE SET; Schema: public; Owner: postgres
--

SELECT pg_catalog.setval('public.recipe_userprofile_diet_goals_id_seq', 1, false);


--
-- Name: recipe_userprofile_food_allergens_id_seq; Type: SEQUENCE SET; Schema: public; Owner: postgres
--

SELECT pg_catalog.setval('public.recipe_userprofile_food_allergens_id_seq', 10, true);


--
-- Name: recipe_userprofile_id_seq; Type: SEQUENCE SET; Schema: public; Owner: postgres
--

SELECT pg_catalog.setval('public.recipe_userprofile_id_seq', 23, true);


--
-- Name: recipe_userrating_id_seq; Type: SEQUENCE SET; Schema: public; Owner: postgres
--

SELECT pg_catalog.setval('public.recipe_userrating_id_seq', 39, true);


--
-- Name: recipe_userreview_id_seq; Type: SEQUENCE SET; Schema: public; Owner: postgres
--

SELECT pg_catalog.setval('public.recipe_userreview_id_seq', 1, false);


--
-- Name: auth_group auth_group_name_key; Type: CONSTRAINT; Schema: public; Owner: postgres
--

ALTER TABLE ONLY public.auth_group
    ADD CONSTRAINT auth_group_name_key UNIQUE (name);


--
-- Name: auth_group_permissions auth_group_permissions_group_id_permission_id_0cd325b0_uniq; Type: CONSTRAINT; Schema: public; Owner: postgres
--

ALTER TABLE ONLY public.auth_group_permissions
    ADD CONSTRAINT auth_group_permissions_group_id_permission_id_0cd325b0_uniq UNIQUE (group_id, permission_id);


--
-- Name: auth_group_permissions auth_group_permissions_pkey; Type: CONSTRAINT; Schema: public; Owner: postgres
--

ALTER TABLE ONLY public.auth_group_permissions
    ADD CONSTRAINT auth_group_permissions_pkey PRIMARY KEY (id);


--
-- Name: auth_group auth_group_pkey; Type: CONSTRAINT; Schema: public; Owner: postgres
--

ALTER TABLE ONLY public.auth_group
    ADD CONSTRAINT auth_group_pkey PRIMARY KEY (id);


--
-- Name: auth_permission auth_permission_content_type_id_codename_01ab375a_uniq; Type: CONSTRAINT; Schema: public; Owner: postgres
--

ALTER TABLE ONLY public.auth_permission
    ADD CONSTRAINT auth_permission_content_type_id_codename_01ab375a_uniq UNIQUE (content_type_id, codename);


--
-- Name: auth_permission auth_permission_pkey; Type: CONSTRAINT; Schema: public; Owner: postgres
--

ALTER TABLE ONLY public.auth_permission
    ADD CONSTRAINT auth_permission_pkey PRIMARY KEY (id);


--
-- Name: auth_user_groups auth_user_groups_pkey; Type: CONSTRAINT; Schema: public; Owner: postgres
--

ALTER TABLE ONLY public.auth_user_groups
    ADD CONSTRAINT auth_user_groups_pkey PRIMARY KEY (id);


--
-- Name: auth_user_groups auth_user_groups_user_id_group_id_94350c0c_uniq; Type: CONSTRAINT; Schema: public; Owner: postgres
--

ALTER TABLE ONLY public.auth_user_groups
    ADD CONSTRAINT auth_user_groups_user_id_group_id_94350c0c_uniq UNIQUE (user_id, group_id);


--
-- Name: auth_user auth_user_pkey; Type: CONSTRAINT; Schema: public; Owner: postgres
--

ALTER TABLE ONLY public.auth_user
    ADD CONSTRAINT auth_user_pkey PRIMARY KEY (id);


--
-- Name: auth_user_user_permissions auth_user_user_permissions_pkey; Type: CONSTRAINT; Schema: public; Owner: postgres
--

ALTER TABLE ONLY public.auth_user_user_permissions
    ADD CONSTRAINT auth_user_user_permissions_pkey PRIMARY KEY (id);


--
-- Name: auth_user_user_permissions auth_user_user_permissions_user_id_permission_id_14a6b632_uniq; Type: CONSTRAINT; Schema: public; Owner: postgres
--

ALTER TABLE ONLY public.auth_user_user_permissions
    ADD CONSTRAINT auth_user_user_permissions_user_id_permission_id_14a6b632_uniq UNIQUE (user_id, permission_id);


--
-- Name: auth_user auth_user_username_key; Type: CONSTRAINT; Schema: public; Owner: postgres
--

ALTER TABLE ONLY public.auth_user
    ADD CONSTRAINT auth_user_username_key UNIQUE (username);


--
-- Name: django_admin_log django_admin_log_pkey; Type: CONSTRAINT; Schema: public; Owner: postgres
--

ALTER TABLE ONLY public.django_admin_log
    ADD CONSTRAINT django_admin_log_pkey PRIMARY KEY (id);


--
-- Name: django_content_type django_content_type_app_label_model_76bd3d3b_uniq; Type: CONSTRAINT; Schema: public; Owner: postgres
--

ALTER TABLE ONLY public.django_content_type
    ADD CONSTRAINT django_content_type_app_label_model_76bd3d3b_uniq UNIQUE (app_label, model);


--
-- Name: django_content_type django_content_type_pkey; Type: CONSTRAINT; Schema: public; Owner: postgres
--

ALTER TABLE ONLY public.django_content_type
    ADD CONSTRAINT django_content_type_pkey PRIMARY KEY (id);


--
-- Name: django_migrations django_migrations_pkey; Type: CONSTRAINT; Schema: public; Owner: postgres
--

ALTER TABLE ONLY public.django_migrations
    ADD CONSTRAINT django_migrations_pkey PRIMARY KEY (id);


--
-- Name: django_session django_session_pkey; Type: CONSTRAINT; Schema: public; Owner: postgres
--

ALTER TABLE ONLY public.django_session
    ADD CONSTRAINT django_session_pkey PRIMARY KEY (session_key);


--
-- Name: recipe_category recipe_category_pkey; Type: CONSTRAINT; Schema: public; Owner: postgres
--

ALTER TABLE ONLY public.recipe_category
    ADD CONSTRAINT recipe_category_pkey PRIMARY KEY (id);


--
-- Name: recipe_dietgoal recipe_dietgoal_pkey; Type: CONSTRAINT; Schema: public; Owner: postgres
--

ALTER TABLE ONLY public.recipe_dietgoal
    ADD CONSTRAINT recipe_dietgoal_pkey PRIMARY KEY (id);


--
-- Name: recipe_foodallergen recipe_foodallergen_pkey; Type: CONSTRAINT; Schema: public; Owner: postgres
--

ALTER TABLE ONLY public.recipe_foodallergen
    ADD CONSTRAINT recipe_foodallergen_pkey PRIMARY KEY (id);


--
-- Name: recipe_recipe_category recipe_recipe_category_pkey; Type: CONSTRAINT; Schema: public; Owner: postgres
--

ALTER TABLE ONLY public.recipe_recipe_category
    ADD CONSTRAINT recipe_recipe_category_pkey PRIMARY KEY (id);


--
-- Name: recipe_recipe_category recipe_recipe_category_recipe_id_category_id_2c161007_uniq; Type: CONSTRAINT; Schema: public; Owner: postgres
--

ALTER TABLE ONLY public.recipe_recipe_category
    ADD CONSTRAINT recipe_recipe_category_recipe_id_category_id_2c161007_uniq UNIQUE (recipe_id, category_id);


--
-- Name: recipe_recipe recipe_recipe_pkey; Type: CONSTRAINT; Schema: public; Owner: postgres
--

ALTER TABLE ONLY public.recipe_recipe
    ADD CONSTRAINT recipe_recipe_pkey PRIMARY KEY (id);


--
-- Name: recipe_userbookmark recipe_userbookmark_pkey; Type: CONSTRAINT; Schema: public; Owner: postgres
--

ALTER TABLE ONLY public.recipe_userbookmark
    ADD CONSTRAINT recipe_userbookmark_pkey PRIMARY KEY (id);


--
-- Name: recipe_usercomment recipe_usercomment_pkey; Type: CONSTRAINT; Schema: public; Owner: postgres
--

ALTER TABLE ONLY public.recipe_usercomment
    ADD CONSTRAINT recipe_usercomment_pkey PRIMARY KEY (id);


--
-- Name: recipe_userlike recipe_userlike_pkey; Type: CONSTRAINT; Schema: public; Owner: postgres
--

ALTER TABLE ONLY public.recipe_userlike
    ADD CONSTRAINT recipe_userlike_pkey PRIMARY KEY (id);


--
-- Name: recipe_userprofile_diet_goals recipe_userprofile_diet__userprofile_id_dietgoal__66c8c443_uniq; Type: CONSTRAINT; Schema: public; Owner: postgres
--

ALTER TABLE ONLY public.recipe_userprofile_diet_goals
    ADD CONSTRAINT recipe_userprofile_diet__userprofile_id_dietgoal__66c8c443_uniq UNIQUE (userprofile_id, dietgoal_id);


--
-- Name: recipe_userprofile_diet_goals recipe_userprofile_diet_goals_pkey; Type: CONSTRAINT; Schema: public; Owner: postgres
--

ALTER TABLE ONLY public.recipe_userprofile_diet_goals
    ADD CONSTRAINT recipe_userprofile_diet_goals_pkey PRIMARY KEY (id);


--
-- Name: recipe_userprofile_food_allergens recipe_userprofile_food__userprofile_id_foodaller_473f9f9c_uniq; Type: CONSTRAINT; Schema: public; Owner: postgres
--

ALTER TABLE ONLY public.recipe_userprofile_food_allergens
    ADD CONSTRAINT recipe_userprofile_food__userprofile_id_foodaller_473f9f9c_uniq UNIQUE (userprofile_id, foodallergen_id);


--
-- Name: recipe_userprofile_food_allergens recipe_userprofile_food_allergens_pkey; Type: CONSTRAINT; Schema: public; Owner: postgres
--

ALTER TABLE ONLY public.recipe_userprofile_food_allergens
    ADD CONSTRAINT recipe_userprofile_food_allergens_pkey PRIMARY KEY (id);


--
-- Name: recipe_userprofile recipe_userprofile_pkey; Type: CONSTRAINT; Schema: public; Owner: postgres
--

ALTER TABLE ONLY public.recipe_userprofile
    ADD CONSTRAINT recipe_userprofile_pkey PRIMARY KEY (id);


--
-- Name: recipe_userprofile recipe_userprofile_user_id_key; Type: CONSTRAINT; Schema: public; Owner: postgres
--

ALTER TABLE ONLY public.recipe_userprofile
    ADD CONSTRAINT recipe_userprofile_user_id_key UNIQUE (user_id);


--
-- Name: recipe_userrating recipe_userrating_pkey; Type: CONSTRAINT; Schema: public; Owner: postgres
--

ALTER TABLE ONLY public.recipe_userrating
    ADD CONSTRAINT recipe_userrating_pkey PRIMARY KEY (id);


--
-- Name: recipe_userreview recipe_userreview_pkey; Type: CONSTRAINT; Schema: public; Owner: postgres
--

ALTER TABLE ONLY public.recipe_userreview
    ADD CONSTRAINT recipe_userreview_pkey PRIMARY KEY (id);


--
-- Name: auth_group_name_a6ea08ec_like; Type: INDEX; Schema: public; Owner: postgres
--

CREATE INDEX auth_group_name_a6ea08ec_like ON public.auth_group USING btree (name varchar_pattern_ops);


--
-- Name: auth_group_permissions_group_id_b120cbf9; Type: INDEX; Schema: public; Owner: postgres
--

CREATE INDEX auth_group_permissions_group_id_b120cbf9 ON public.auth_group_permissions USING btree (group_id);


--
-- Name: auth_group_permissions_permission_id_84c5c92e; Type: INDEX; Schema: public; Owner: postgres
--

CREATE INDEX auth_group_permissions_permission_id_84c5c92e ON public.auth_group_permissions USING btree (permission_id);


--
-- Name: auth_permission_content_type_id_2f476e4b; Type: INDEX; Schema: public; Owner: postgres
--

CREATE INDEX auth_permission_content_type_id_2f476e4b ON public.auth_permission USING btree (content_type_id);


--
-- Name: auth_user_groups_group_id_97559544; Type: INDEX; Schema: public; Owner: postgres
--

CREATE INDEX auth_user_groups_group_id_97559544 ON public.auth_user_groups USING btree (group_id);


--
-- Name: auth_user_groups_user_id_6a12ed8b; Type: INDEX; Schema: public; Owner: postgres
--

CREATE INDEX auth_user_groups_user_id_6a12ed8b ON public.auth_user_groups USING btree (user_id);


--
-- Name: auth_user_user_permissions_permission_id_1fbb5f2c; Type: INDEX; Schema: public; Owner: postgres
--

CREATE INDEX auth_user_user_permissions_permission_id_1fbb5f2c ON public.auth_user_user_permissions USING btree (permission_id);


--
-- Name: auth_user_user_permissions_user_id_a95ead1b; Type: INDEX; Schema: public; Owner: postgres
--

CREATE INDEX auth_user_user_permissions_user_id_a95ead1b ON public.auth_user_user_permissions USING btree (user_id);


--
-- Name: auth_user_username_6821ab7c_like; Type: INDEX; Schema: public; Owner: postgres
--

CREATE INDEX auth_user_username_6821ab7c_like ON public.auth_user USING btree (username varchar_pattern_ops);


--
-- Name: django_admin_log_content_type_id_c4bce8eb; Type: INDEX; Schema: public; Owner: postgres
--

CREATE INDEX django_admin_log_content_type_id_c4bce8eb ON public.django_admin_log USING btree (content_type_id);


--
-- Name: django_admin_log_user_id_c564eba6; Type: INDEX; Schema: public; Owner: postgres
--

CREATE INDEX django_admin_log_user_id_c564eba6 ON public.django_admin_log USING btree (user_id);


--
-- Name: django_session_expire_date_a5c62663; Type: INDEX; Schema: public; Owner: postgres
--

CREATE INDEX django_session_expire_date_a5c62663 ON public.django_session USING btree (expire_date);


--
-- Name: django_session_session_key_c0390e0f_like; Type: INDEX; Schema: public; Owner: postgres
--

CREATE INDEX django_session_session_key_c0390e0f_like ON public.django_session USING btree (session_key varchar_pattern_ops);


--
-- Name: recipe_recipe_category_category_id_c29a8b3a; Type: INDEX; Schema: public; Owner: postgres
--

CREATE INDEX recipe_recipe_category_category_id_c29a8b3a ON public.recipe_recipe_category USING btree (category_id);


--
-- Name: recipe_recipe_category_recipe_id_8cc07d95; Type: INDEX; Schema: public; Owner: postgres
--

CREATE INDEX recipe_recipe_category_recipe_id_8cc07d95 ON public.recipe_recipe_category USING btree (recipe_id);


--
-- Name: recipe_recipe_creator_id_8fc5c8a8; Type: INDEX; Schema: public; Owner: postgres
--

CREATE INDEX recipe_recipe_creator_id_8fc5c8a8 ON public.recipe_recipe USING btree (creator_id);


--
-- Name: recipe_userbookmark_recipe_id_3fc587c9; Type: INDEX; Schema: public; Owner: postgres
--

CREATE INDEX recipe_userbookmark_recipe_id_3fc587c9 ON public.recipe_userbookmark USING btree (recipe_id);


--
-- Name: recipe_userbookmark_user_id_1a90ed2a; Type: INDEX; Schema: public; Owner: postgres
--

CREATE INDEX recipe_userbookmark_user_id_1a90ed2a ON public.recipe_userbookmark USING btree (user_id);


--
-- Name: recipe_usercomment_recipe_id_fc4cb700; Type: INDEX; Schema: public; Owner: postgres
--

CREATE INDEX recipe_usercomment_recipe_id_fc4cb700 ON public.recipe_usercomment USING btree (recipe_id);


--
-- Name: recipe_usercomment_user_id_c98a9c22; Type: INDEX; Schema: public; Owner: postgres
--

CREATE INDEX recipe_usercomment_user_id_c98a9c22 ON public.recipe_usercomment USING btree (user_id);


--
-- Name: recipe_userlike_recipe_id_7dbb8173; Type: INDEX; Schema: public; Owner: postgres
--

CREATE INDEX recipe_userlike_recipe_id_7dbb8173 ON public.recipe_userlike USING btree (recipe_id);


--
-- Name: recipe_userlike_user_id_d27966cf; Type: INDEX; Schema: public; Owner: postgres
--

CREATE INDEX recipe_userlike_user_id_d27966cf ON public.recipe_userlike USING btree (user_id);


--
-- Name: recipe_userprofile_diet_goals_dietgoal_id_90ba9936; Type: INDEX; Schema: public; Owner: postgres
--

CREATE INDEX recipe_userprofile_diet_goals_dietgoal_id_90ba9936 ON public.recipe_userprofile_diet_goals USING btree (dietgoal_id);


--
-- Name: recipe_userprofile_diet_goals_userprofile_id_2c2e5326; Type: INDEX; Schema: public; Owner: postgres
--

CREATE INDEX recipe_userprofile_diet_goals_userprofile_id_2c2e5326 ON public.recipe_userprofile_diet_goals USING btree (userprofile_id);


--
-- Name: recipe_userprofile_food_allergens_foodallergen_id_aef99a64; Type: INDEX; Schema: public; Owner: postgres
--

CREATE INDEX recipe_userprofile_food_allergens_foodallergen_id_aef99a64 ON public.recipe_userprofile_food_allergens USING btree (foodallergen_id);


--
-- Name: recipe_userprofile_food_allergens_userprofile_id_03748332; Type: INDEX; Schema: public; Owner: postgres
--

CREATE INDEX recipe_userprofile_food_allergens_userprofile_id_03748332 ON public.recipe_userprofile_food_allergens USING btree (userprofile_id);


--
-- Name: recipe_userrating_recipe_id_a0ac7d4d; Type: INDEX; Schema: public; Owner: postgres
--

CREATE INDEX recipe_userrating_recipe_id_a0ac7d4d ON public.recipe_userrating USING btree (recipe_id);


--
-- Name: recipe_userrating_user_id_9dc8f97d; Type: INDEX; Schema: public; Owner: postgres
--

CREATE INDEX recipe_userrating_user_id_9dc8f97d ON public.recipe_userrating USING btree (user_id);


--
-- Name: recipe_userreview_recipe_id_7cb565cc; Type: INDEX; Schema: public; Owner: postgres
--

CREATE INDEX recipe_userreview_recipe_id_7cb565cc ON public.recipe_userreview USING btree (recipe_id);


--
-- Name: recipe_userreview_user_id_dd8e3414; Type: INDEX; Schema: public; Owner: postgres
--

CREATE INDEX recipe_userreview_user_id_dd8e3414 ON public.recipe_userreview USING btree (user_id);


--
-- Name: auth_group_permissions auth_group_permissio_permission_id_84c5c92e_fk_auth_perm; Type: FK CONSTRAINT; Schema: public; Owner: postgres
--

ALTER TABLE ONLY public.auth_group_permissions
    ADD CONSTRAINT auth_group_permissio_permission_id_84c5c92e_fk_auth_perm FOREIGN KEY (permission_id) REFERENCES public.auth_permission(id) DEFERRABLE INITIALLY DEFERRED;


--
-- Name: auth_group_permissions auth_group_permissions_group_id_b120cbf9_fk_auth_group_id; Type: FK CONSTRAINT; Schema: public; Owner: postgres
--

ALTER TABLE ONLY public.auth_group_permissions
    ADD CONSTRAINT auth_group_permissions_group_id_b120cbf9_fk_auth_group_id FOREIGN KEY (group_id) REFERENCES public.auth_group(id) DEFERRABLE INITIALLY DEFERRED;


--
-- Name: auth_permission auth_permission_content_type_id_2f476e4b_fk_django_co; Type: FK CONSTRAINT; Schema: public; Owner: postgres
--

ALTER TABLE ONLY public.auth_permission
    ADD CONSTRAINT auth_permission_content_type_id_2f476e4b_fk_django_co FOREIGN KEY (content_type_id) REFERENCES public.django_content_type(id) DEFERRABLE INITIALLY DEFERRED;


--
-- Name: auth_user_groups auth_user_groups_group_id_97559544_fk_auth_group_id; Type: FK CONSTRAINT; Schema: public; Owner: postgres
--

ALTER TABLE ONLY public.auth_user_groups
    ADD CONSTRAINT auth_user_groups_group_id_97559544_fk_auth_group_id FOREIGN KEY (group_id) REFERENCES public.auth_group(id) DEFERRABLE INITIALLY DEFERRED;


--
-- Name: auth_user_groups auth_user_groups_user_id_6a12ed8b_fk_auth_user_id; Type: FK CONSTRAINT; Schema: public; Owner: postgres
--

ALTER TABLE ONLY public.auth_user_groups
    ADD CONSTRAINT auth_user_groups_user_id_6a12ed8b_fk_auth_user_id FOREIGN KEY (user_id) REFERENCES public.auth_user(id) DEFERRABLE INITIALLY DEFERRED;


--
-- Name: auth_user_user_permissions auth_user_user_permi_permission_id_1fbb5f2c_fk_auth_perm; Type: FK CONSTRAINT; Schema: public; Owner: postgres
--

ALTER TABLE ONLY public.auth_user_user_permissions
    ADD CONSTRAINT auth_user_user_permi_permission_id_1fbb5f2c_fk_auth_perm FOREIGN KEY (permission_id) REFERENCES public.auth_permission(id) DEFERRABLE INITIALLY DEFERRED;


--
-- Name: auth_user_user_permissions auth_user_user_permissions_user_id_a95ead1b_fk_auth_user_id; Type: FK CONSTRAINT; Schema: public; Owner: postgres
--

ALTER TABLE ONLY public.auth_user_user_permissions
    ADD CONSTRAINT auth_user_user_permissions_user_id_a95ead1b_fk_auth_user_id FOREIGN KEY (user_id) REFERENCES public.auth_user(id) DEFERRABLE INITIALLY DEFERRED;


--
-- Name: django_admin_log django_admin_log_content_type_id_c4bce8eb_fk_django_co; Type: FK CONSTRAINT; Schema: public; Owner: postgres
--

ALTER TABLE ONLY public.django_admin_log
    ADD CONSTRAINT django_admin_log_content_type_id_c4bce8eb_fk_django_co FOREIGN KEY (content_type_id) REFERENCES public.django_content_type(id) DEFERRABLE INITIALLY DEFERRED;


--
-- Name: django_admin_log django_admin_log_user_id_c564eba6_fk_auth_user_id; Type: FK CONSTRAINT; Schema: public; Owner: postgres
--

ALTER TABLE ONLY public.django_admin_log
    ADD CONSTRAINT django_admin_log_user_id_c564eba6_fk_auth_user_id FOREIGN KEY (user_id) REFERENCES public.auth_user(id) DEFERRABLE INITIALLY DEFERRED;


--
-- Name: recipe_recipe_category recipe_recipe_catego_category_id_c29a8b3a_fk_recipe_ca; Type: FK CONSTRAINT; Schema: public; Owner: postgres
--

ALTER TABLE ONLY public.recipe_recipe_category
    ADD CONSTRAINT recipe_recipe_catego_category_id_c29a8b3a_fk_recipe_ca FOREIGN KEY (category_id) REFERENCES public.recipe_category(id) DEFERRABLE INITIALLY DEFERRED;


--
-- Name: recipe_recipe_category recipe_recipe_category_recipe_id_8cc07d95_fk_recipe_recipe_id; Type: FK CONSTRAINT; Schema: public; Owner: postgres
--

ALTER TABLE ONLY public.recipe_recipe_category
    ADD CONSTRAINT recipe_recipe_category_recipe_id_8cc07d95_fk_recipe_recipe_id FOREIGN KEY (recipe_id) REFERENCES public.recipe_recipe(id) DEFERRABLE INITIALLY DEFERRED;


--
-- Name: recipe_recipe recipe_recipe_creator_id_8fc5c8a8_fk_auth_user_id; Type: FK CONSTRAINT; Schema: public; Owner: postgres
--

ALTER TABLE ONLY public.recipe_recipe
    ADD CONSTRAINT recipe_recipe_creator_id_8fc5c8a8_fk_auth_user_id FOREIGN KEY (creator_id) REFERENCES public.auth_user(id) DEFERRABLE INITIALLY DEFERRED;


--
-- Name: recipe_userbookmark recipe_userbookmark_recipe_id_3fc587c9_fk_recipe_recipe_id; Type: FK CONSTRAINT; Schema: public; Owner: postgres
--

ALTER TABLE ONLY public.recipe_userbookmark
    ADD CONSTRAINT recipe_userbookmark_recipe_id_3fc587c9_fk_recipe_recipe_id FOREIGN KEY (recipe_id) REFERENCES public.recipe_recipe(id) DEFERRABLE INITIALLY DEFERRED;


--
-- Name: recipe_userbookmark recipe_userbookmark_user_id_1a90ed2a_fk_auth_user_id; Type: FK CONSTRAINT; Schema: public; Owner: postgres
--

ALTER TABLE ONLY public.recipe_userbookmark
    ADD CONSTRAINT recipe_userbookmark_user_id_1a90ed2a_fk_auth_user_id FOREIGN KEY (user_id) REFERENCES public.auth_user(id) DEFERRABLE INITIALLY DEFERRED;


--
-- Name: recipe_usercomment recipe_usercomment_recipe_id_fc4cb700_fk_recipe_recipe_id; Type: FK CONSTRAINT; Schema: public; Owner: postgres
--

ALTER TABLE ONLY public.recipe_usercomment
    ADD CONSTRAINT recipe_usercomment_recipe_id_fc4cb700_fk_recipe_recipe_id FOREIGN KEY (recipe_id) REFERENCES public.recipe_recipe(id) DEFERRABLE INITIALLY DEFERRED;


--
-- Name: recipe_usercomment recipe_usercomment_user_id_c98a9c22_fk_auth_user_id; Type: FK CONSTRAINT; Schema: public; Owner: postgres
--

ALTER TABLE ONLY public.recipe_usercomment
    ADD CONSTRAINT recipe_usercomment_user_id_c98a9c22_fk_auth_user_id FOREIGN KEY (user_id) REFERENCES public.auth_user(id) DEFERRABLE INITIALLY DEFERRED;


--
-- Name: recipe_userlike recipe_userlike_recipe_id_7dbb8173_fk_recipe_recipe_id; Type: FK CONSTRAINT; Schema: public; Owner: postgres
--

ALTER TABLE ONLY public.recipe_userlike
    ADD CONSTRAINT recipe_userlike_recipe_id_7dbb8173_fk_recipe_recipe_id FOREIGN KEY (recipe_id) REFERENCES public.recipe_recipe(id) DEFERRABLE INITIALLY DEFERRED;


--
-- Name: recipe_userlike recipe_userlike_user_id_d27966cf_fk_auth_user_id; Type: FK CONSTRAINT; Schema: public; Owner: postgres
--

ALTER TABLE ONLY public.recipe_userlike
    ADD CONSTRAINT recipe_userlike_user_id_d27966cf_fk_auth_user_id FOREIGN KEY (user_id) REFERENCES public.auth_user(id) DEFERRABLE INITIALLY DEFERRED;


--
-- Name: recipe_userprofile_diet_goals recipe_userprofile_d_dietgoal_id_90ba9936_fk_recipe_di; Type: FK CONSTRAINT; Schema: public; Owner: postgres
--

ALTER TABLE ONLY public.recipe_userprofile_diet_goals
    ADD CONSTRAINT recipe_userprofile_d_dietgoal_id_90ba9936_fk_recipe_di FOREIGN KEY (dietgoal_id) REFERENCES public.recipe_dietgoal(id) DEFERRABLE INITIALLY DEFERRED;


--
-- Name: recipe_userprofile_diet_goals recipe_userprofile_d_userprofile_id_2c2e5326_fk_recipe_us; Type: FK CONSTRAINT; Schema: public; Owner: postgres
--

ALTER TABLE ONLY public.recipe_userprofile_diet_goals
    ADD CONSTRAINT recipe_userprofile_d_userprofile_id_2c2e5326_fk_recipe_us FOREIGN KEY (userprofile_id) REFERENCES public.recipe_userprofile(id) DEFERRABLE INITIALLY DEFERRED;


--
-- Name: recipe_userprofile_food_allergens recipe_userprofile_f_foodallergen_id_aef99a64_fk_recipe_fo; Type: FK CONSTRAINT; Schema: public; Owner: postgres
--

ALTER TABLE ONLY public.recipe_userprofile_food_allergens
    ADD CONSTRAINT recipe_userprofile_f_foodallergen_id_aef99a64_fk_recipe_fo FOREIGN KEY (foodallergen_id) REFERENCES public.recipe_foodallergen(id) DEFERRABLE INITIALLY DEFERRED;


--
-- Name: recipe_userprofile_food_allergens recipe_userprofile_f_userprofile_id_03748332_fk_recipe_us; Type: FK CONSTRAINT; Schema: public; Owner: postgres
--

ALTER TABLE ONLY public.recipe_userprofile_food_allergens
    ADD CONSTRAINT recipe_userprofile_f_userprofile_id_03748332_fk_recipe_us FOREIGN KEY (userprofile_id) REFERENCES public.recipe_userprofile(id) DEFERRABLE INITIALLY DEFERRED;


--
-- Name: recipe_userprofile recipe_userprofile_user_id_cc03ea5d_fk_auth_user_id; Type: FK CONSTRAINT; Schema: public; Owner: postgres
--

ALTER TABLE ONLY public.recipe_userprofile
    ADD CONSTRAINT recipe_userprofile_user_id_cc03ea5d_fk_auth_user_id FOREIGN KEY (user_id) REFERENCES public.auth_user(id) DEFERRABLE INITIALLY DEFERRED;


--
-- Name: recipe_userrating recipe_userrating_recipe_id_a0ac7d4d_fk_recipe_recipe_id; Type: FK CONSTRAINT; Schema: public; Owner: postgres
--

ALTER TABLE ONLY public.recipe_userrating
    ADD CONSTRAINT recipe_userrating_recipe_id_a0ac7d4d_fk_recipe_recipe_id FOREIGN KEY (recipe_id) REFERENCES public.recipe_recipe(id) DEFERRABLE INITIALLY DEFERRED;


--
-- Name: recipe_userrating recipe_userrating_user_id_9dc8f97d_fk_auth_user_id; Type: FK CONSTRAINT; Schema: public; Owner: postgres
--

ALTER TABLE ONLY public.recipe_userrating
    ADD CONSTRAINT recipe_userrating_user_id_9dc8f97d_fk_auth_user_id FOREIGN KEY (user_id) REFERENCES public.auth_user(id) DEFERRABLE INITIALLY DEFERRED;


--
-- Name: recipe_userreview recipe_userreview_recipe_id_7cb565cc_fk_recipe_recipe_id; Type: FK CONSTRAINT; Schema: public; Owner: postgres
--

ALTER TABLE ONLY public.recipe_userreview
    ADD CONSTRAINT recipe_userreview_recipe_id_7cb565cc_fk_recipe_recipe_id FOREIGN KEY (recipe_id) REFERENCES public.recipe_recipe(id) DEFERRABLE INITIALLY DEFERRED;


--
-- Name: recipe_userreview recipe_userreview_user_id_dd8e3414_fk_auth_user_id; Type: FK CONSTRAINT; Schema: public; Owner: postgres
--

ALTER TABLE ONLY public.recipe_userreview
    ADD CONSTRAINT recipe_userreview_user_id_dd8e3414_fk_auth_user_id FOREIGN KEY (user_id) REFERENCES public.auth_user(id) DEFERRABLE INITIALLY DEFERRED;


--
-- PostgreSQL database dump complete
--

